<?xml version="1.0" encoding="UTF-8"?>
    <addon id="repository.MotoGPRewind" name="MotoGPRewind Wizard Repository" version="0.0.1" provider-name="MotoGPRewind">
        <extension point="xbmc.addon.repository" name="MotoGPRewind Wizard Repository">
            <dir>
                <info compressed="false">https://raw.githubusercontent.com/gprewind/repository.gprewindwizard/main/_repo/addons.xml</info>
                <checksum>https://raw.githubusercontent.com/gprewind/repository.gprewindwizard/main/_repo/addons.xml.md5</checksum>
                <datadir zip="true">https://raw.githubusercontent.com/gprewind/repository.gprewindwizard/main/_repo/</datadir>
            </dir>                
            <dir>
                <info compressed="false">https://raw.githubusercontent.com/teamuniversal/scrapers/master/_modules4all/zips/addons.xml</info>
                <checksum>https://raw.githubusercontent.com/teamuniversal/scrapers/master/_modules4all/zips/addons.xml.md5</checksum>
                <datadir zip="true">https://raw.githubusercontent.com/teamuniversal/scrapers/master/_modules4all/zips/</datadir>
            </dir>            
            <dir>
                <info compressed="false">https://raw.githubusercontent.com/Gujal00/smrzips/master/addons.xml</info>
                <checksum>https://raw.githubusercontent.com/Gujal00/smrzips/master/addons.xml.md5</checksum>
                <datadir zip="true">https://raw.githubusercontent.com/Gujal00/smrzips/master/zips/</datadir>
            </dir>                            
            <dir>
                <info compressed="false">https://raw.githubusercontent.com/jenaddon/repository.jenrepo/master/zips/addons.xml</info>
                <checksum>https://raw.githubusercontent.com/jenaddon/repository.jenrepo/master/zips/addons.xml.md5</checksum>
                <datadir zip="true">https://raw.githubusercontent.com/jenaddon/repository.jenrepo/master/zips/</datadir>
                <hashes>false</hashes>
            </dir>        
            <dir>
                <info compressed="false">https://raw.githubusercontent.com/totalrevolution/python-koding/master/zips/addons.xml</info>
                <checksum>https://raw.githubusercontent.com/totalrevolution/python-koding/master/zips/addons.xml.md5</checksum>
                <datadir zip="true">https://raw.githubusercontent.com/totalrevolution/python-koding/master/zips/</datadir>
            </dir>		
        </extension>
        <extension point="xbmc.addon.metadata">
            <summary>Install all the latest Builds</summary>
            <description>Welcome to the MotoGP Rewind Wizard.</description>
            <platform>all</platform>
			<assets>
            <icon>icon.png</icon>
            <fanart>fanart.jpg</fanart>    
    </assets>
    </extension>
</addon>